Symbol,Price Level,Note,Foreground Color,Background Color,Text Alignment,Diameter,Draw Note Price Horizontal Line
MNQM6.CME@RITHMIC,29221.25,ORB high,#e2e2e2,#007171,left,,TRUE
MNQM6.CME@RITHMIC,29180.00,ORB low,#e2e2e2,#007171,left,,TRUE
MNQM6.CME@RITHMIC,29296.00,VA high,#4e4e4e,#e2e2e2,left,,TRUE
MNQM6.CME@RITHMIC,29190.00,VA low,#4e4e4e,#e2e2e2,left,,TRUE
MNQM6.CME@RITHMIC,29464.50,day high,#e2e2e2,#4e4e4e,left,,TRUE
MNQM6.CME@RITHMIC,29113.00,day low,#e2e2e2,#4e4e4e,left,,TRUE
MNQM6.CME@RITHMIC,29254.36,vwap,#e2e2e2,#0c3299,left,,TRUE
MNQM6.CME@RITHMIC,29253.00,midnight,#e2e2e2,#007171,left,,TRUE
MNQM6.CME@RITHMIC,29267.00,EMA 1h,#4e4e4e,#caca00,left,,TRUE
